﻿designator,quantity,value,pack,mpn,mount_type
BAT1,1,Conn_01x02_Pin,JST_PH_B2B-PH-K_1x02_P2.00mm_Vertical,,tht
BZ1,1,Buzzer,Buzzer_12x9.5RM7.6,,tht
J1,1,Conn_01x02_Pin,PinHeader_1x02_P2.54mm_Vertical,,tht
Q1,1,NPN,TO-92_Inline,,tht
R1,1,470,R_1206_3216Metric_Pad1.30x1.75mm_HandSolder,,smt
R2,1,"4,7 k",R_1206_3216Metric_Pad1.30x1.75mm_HandSolder,,smt
"REF1, REF2, REF3, REF4",4,MountingHole_2.2mm_M2,MountingHole_2.2mm_M2,,tht
"SW1_ON_OFF1, SW2_LEFT1, SW3_RIGHT1, SW4, SW5, SW6, SW7, SW8, SW9",9,SW_Push,SW_SPST_Omron_B3FS-100xP,,smt
U1,1,~,Heltec LoRa 32 V3,,tht
USB1,1,Conn_01x04_Pin,PinSocket_1x04_P2.54mm_Vertical,,tht
