﻿pos_x,pos_y,rotation,side,designator,mpn,pack,value,mount_type,place
149.0,-119.5,0.0,top,BAT1,,JST_PH_B2B-PH-K_1x02_P2.00mm_Vertical,Conn_01x02_Pin,tht,True
132.7,-36.0,0.0,top,BZ1,,Buzzer_12x9.5RM7.6,Buzzer,tht,True
134.725,-121.5,90.0,top,J1,,PinHeader_1x02_P2.54mm_Vertical,Conn_01x02_Pin,tht,True
118.85,-113.0,0.0,top,Q1,,TO-92_Inline,NPN,tht,True
124.45,-122.5,0.0,top,R1,,R_1206_3216Metric_Pad1.30x1.75mm_HandSolder,470,smt,True
116.12,-122.5,0.0,top,R2,,R_1206_3216Metric_Pad1.30x1.75mm_HandSolder,"4,7 k",smt,True
105.0,-139.5,0.0,top,REF1,,MountingHole_2.2mm_M2,MountingHole_2.2mm_M2,tht,False
165.5,-139.5,0.0,top,REF2,,MountingHole_2.2mm_M2,MountingHole_2.2mm_M2,tht,False
105.0,-29.5,0.0,top,REF3,,MountingHole_2.2mm_M2,MountingHole_2.2mm_M2,tht,False
165.5,-29.5,0.0,top,REF4,,MountingHole_2.2mm_M2,MountingHole_2.2mm_M2,tht,False
107.22,-36.0,0.0,top,SW1_ON_OFF1,,SW_SPST_Omron_B3FS-100xP,SW_Push,smt,True
121.0,-36.0,0.0,top,SW2_LEFT1,,SW_SPST_Omron_B3FS-100xP,SW_Push,smt,True
151.0,-36.0,0.0,top,SW3_RIGHT1,,SW_SPST_Omron_B3FS-100xP,SW_Push,smt,True
114.86,-81.28,0.0,top,SW4,,SW_SPST_Omron_B3FS-100xP,SW_Push,smt,True
135.18,-81.28,0.0,top,SW5,,SW_SPST_Omron_B3FS-100xP,SW_Push,smt,True
155.5,-81.28,0.0,top,SW6,,SW_SPST_Omron_B3FS-100xP,SW_Push,smt,True
114.86,-99.06,0.0,top,SW7,,SW_SPST_Omron_B3FS-100xP,SW_Push,smt,True
135.18,-99.06,0.0,top,SW8,,SW_SPST_Omron_B3FS-100xP,SW_Push,smt,True
155.5,-99.06,0.0,top,SW9,,SW_SPST_Omron_B3FS-100xP,SW_Push,smt,True
129.3688,-58.42,0.0,top,U1,,Heltec LoRa 32 V3,~,tht,True
131.92,-132.5,90.0,top,USB1,,PinSocket_1x04_P2.54mm_Vertical,Conn_01x04_Pin,tht,True
